[
  {
    "name": "Afghanistan",
    "alpha2": "af",
    "alpha3": "afg"
  },
  {
    "name": "Albania",
    "alpha2": "al",
    "alpha3": "alb"
  },
  {
    "name": "Algeria",
    "alpha2": "dz",
    "alpha3": "dza"
  },
  {
    "name": "American Samoa",
    "alpha2": "as",
    "alpha3": "asm"
  },
  {
    "name": "Andorra",
    "alpha2": "ad",
    "alpha3": "and"
  },
  {
    "name": "Angola",
    "alpha2": "ao",
    "alpha3": "ago"
  },
  {
    "name": "Anguilla",
    "alpha2": "ai",
    "alpha3": "aia"
  },
  {
    "name": "Antarctica",
    "alpha2": "aq",
    "alpha3": "ata"
  },
  {
    "name": "Antigua and Barbuda",
    "alpha2": "ag",
    "alpha3": "atg"
  },
  {
    "name": "Argentina",
    "alpha2": "ar",
    "alpha3": "arg"
  },
  {
    "name": "Armenia",
    "alpha2": "am",
    "alpha3": "arm"
  },
  {
    "name": "Aruba",
    "alpha2": "aw",
    "alpha3": "abw"
  },
  {
    "name": "Australia",
    "alpha2": "au",
    "alpha3": "aus"
  },
  {
    "name": "Austria",
    "alpha2": "at",
    "alpha3": "aut"
  },
  {
    "name": "Azerbaijan",
    "alpha2": "az",
    "alpha3": "aze"
  },
  {
    "name": "Bahamas",
    "alpha2": "bs",
    "alpha3": "bhs"
  },
  {
    "name": "Bahrain",
    "alpha2": "bh",
    "alpha3": "bhr"
  },
  {
    "name": "Bangladesh",
    "alpha2": "bd",
    "alpha3": "bgd"
  },
  {
    "name": "Barbados",
    "alpha2": "bb",
    "alpha3": "brb"
  },
  {
    "name": "Belarus",
    "alpha2": "by",
    "alpha3": "blr"
  },
  {
    "name": "Belgium",
    "alpha2": "be",
    "alpha3": "bel"
  },
  {
    "name": "Belize",
    "alpha2": "bz",
    "alpha3": "blz"
  },
  {
    "name": "Benin",
    "alpha2": "bj",
    "alpha3": "ben"
  },
  {
    "name": "Bermuda",
    "alpha2": "bm",
    "alpha3": "bmu"
  },
  {
    "name": "Bhutan",
    "alpha2": "bt",
    "alpha3": "btn"
  },
  {
    "name": "Bolivia (Plurinational State of)",
    "alpha2": "bo",
    "alpha3": "bol"
  },
  {
    "name": "Bonaire, Sint Eustatius and Saba",
    "alpha2": "bq",
    "alpha3": "bes"
  },
  {
    "name": "Bosnia and Herzegovina",
    "alpha2": "ba",
    "alpha3": "bih"
  },
  {
    "name": "Botswana",
    "alpha2": "bw",
    "alpha3": "bwa"
  },
  {
    "name": "Bouvet Island",
    "alpha2": "bv",
    "alpha3": "bvt"
  },
  {
    "name": "Brazil",
    "alpha2": "br",
    "alpha3": "bra"
  },
  {
    "name": "British Indian Ocean Territory",
    "alpha2": "io",
    "alpha3": "iot"
  },
  {
    "name": "Brunei Darussalam",
    "alpha2": "bn",
    "alpha3": "brn"
  },
  {
    "name": "Bulgaria",
    "alpha2": "bg",
    "alpha3": "bgr"
  },
  {
    "name": "Burkina Faso",
    "alpha2": "bf",
    "alpha3": "bfa"
  },
  {
    "name": "Burundi",
    "alpha2": "bi",
    "alpha3": "bdi"
  },
  {
    "name": "Cabo Verde",
    "alpha2": "cv",
    "alpha3": "cpv"
  },
  {
    "name": "Cambodia",
    "alpha2": "kh",
    "alpha3": "khm"
  },
  {
    "name": "Cameroon",
    "alpha2": "cm",
    "alpha3": "cmr"
  },
  {
    "name": "Canada",
    "alpha2": "ca",
    "alpha3": "can"
  },
  {
    "name": "Cayman Islands",
    "alpha2": "ky",
    "alpha3": "cym"
  },
  {
    "name": "Central African Republic",
    "alpha2": "cf",
    "alpha3": "caf"
  },
  {
    "name": "Chad",
    "alpha2": "td",
    "alpha3": "tcd"
  },
  {
    "name": "Chile",
    "alpha2": "cl",
    "alpha3": "chl"
  },
  {
    "name": "China",
    "alpha2": "cn",
    "alpha3": "chn"
  },
  {
    "name": "Christmas Island",
    "alpha2": "cx",
    "alpha3": "cxr"
  },
  {
    "name": "Cocos (Keeling) Islands",
    "alpha2": "cc",
    "alpha3": "cck"
  },
  {
    "name": "Colombia",
    "alpha2": "co",
    "alpha3": "col"
  },
  {
    "name": "Comoros",
    "alpha2": "km",
    "alpha3": "com"
  },
  {
    "name": "Congo (the Democratic Republic of the)",
    "alpha2": "cd",
    "alpha3": "cod"
  },
  {
    "name": "Congo",
    "alpha2": "cg",
    "alpha3": "cog"
  },
  {
    "name": "Cook Islands",
    "alpha2": "ck",
    "alpha3": "cok"
  },
  {
    "name": "Costa Rica",
    "alpha2": "cr",
    "alpha3": "cri"
  },
  {
    "name": "Croatia",
    "alpha2": "hr",
    "alpha3": "hrv"
  },
  {
    "name": "Cuba",
    "alpha2": "cu",
    "alpha3": "cub"
  },
  {
    "name": "Curaçao",
    "alpha2": "cw",
    "alpha3": "cuw"
  },
  {
    "name": "Cyprus",
    "alpha2": "cy",
    "alpha3": "cyp"
  },
  {
    "name": "Czechia",
    "alpha2": "cz",
    "alpha3": "cze"
  },
  {
    "name": "Côte d'Ivoire",
    "alpha2": "ci",
    "alpha3": "civ"
  },
  {
    "name": "Denmark",
    "alpha2": "dk",
    "alpha3": "dnk"
  },
  {
    "name": "Djibouti",
    "alpha2": "dj",
    "alpha3": "dji"
  },
  {
    "name": "Dominica",
    "alpha2": "dm",
    "alpha3": "dma"
  },
  {
    "name": "Dominican Republic",
    "alpha2": "do",
    "alpha3": "dom"
  },
  {
    "name": "Ecuador",
    "alpha2": "ec",
    "alpha3": "ecu"
  },
  {
    "name": "Egypt",
    "alpha2": "eg",
    "alpha3": "egy"
  },
  {
    "name": "El Salvador",
    "alpha2": "sv",
    "alpha3": "slv"
  },
  {
    "name": "Equatorial Guinea",
    "alpha2": "gq",
    "alpha3": "gnq"
  },
  {
    "name": "Eritrea",
    "alpha2": "er",
    "alpha3": "eri"
  },
  {
    "name": "Estonia",
    "alpha2": "ee",
    "alpha3": "est"
  },
  {
    "name": "Eswatini",
    "alpha2": "sz",
    "alpha3": "swz"
  },
  {
    "name": "Ethiopia",
    "alpha2": "et",
    "alpha3": "eth"
  },
  {
    "name": "Falkland Islands [Malvinas]",
    "alpha2": "fk",
    "alpha3": "flk"
  },
  {
    "name": "Faroe Islands",
    "alpha2": "fo",
    "alpha3": "fro"
  },
  {
    "name": "Fiji",
    "alpha2": "fj",
    "alpha3": "fji"
  },
  {
    "name": "Finland",
    "alpha2": "fi",
    "alpha3": "fin"
  },
  {
    "name": "France",
    "alpha2": "fr",
    "alpha3": "fra"
  },
  {
    "name": "French Guiana",
    "alpha2": "gf",
    "alpha3": "guf"
  },
  {
    "name": "French Polynesia",
    "alpha2": "pf",
    "alpha3": "pyf"
  },
  {
    "name": "French Southern Territories",
    "alpha2": "tf",
    "alpha3": "atf"
  },
  {
    "name": "Gabon",
    "alpha2": "ga",
    "alpha3": "gab"
  },
  {
    "name": "Gambia",
    "alpha2": "gm",
    "alpha3": "gmb"
  },
  {
    "name": "Georgia",
    "alpha2": "ge",
    "alpha3": "geo"
  },
  {
    "name": "Germany",
    "alpha2": "de",
    "alpha3": "deu"
  },
  {
    "name": "Ghana",
    "alpha2": "gh",
    "alpha3": "gha"
  },
  {
    "name": "Gibraltar",
    "alpha2": "gi",
    "alpha3": "gib"
  },
  {
    "name": "Greece",
    "alpha2": "gr",
    "alpha3": "grc"
  },
  {
    "name": "Greenland",
    "alpha2": "gl",
    "alpha3": "grl"
  },
  {
    "name": "Grenada",
    "alpha2": "gd",
    "alpha3": "grd"
  },
  {
    "name": "Guadeloupe",
    "alpha2": "gp",
    "alpha3": "glp"
  },
  {
    "name": "Guam",
    "alpha2": "gu",
    "alpha3": "gum"
  },
  {
    "name": "Guatemala",
    "alpha2": "gt",
    "alpha3": "gtm"
  },
  {
    "name": "Guernsey",
    "alpha2": "gg",
    "alpha3": "ggy"
  },
  {
    "name": "Guinea",
    "alpha2": "gn",
    "alpha3": "gin"
  },
  {
    "name": "Guinea-Bissau",
    "alpha2": "gw",
    "alpha3": "gnb"
  },
  {
    "name": "Guyana",
    "alpha2": "gy",
    "alpha3": "guy"
  },
  {
    "name": "Haiti",
    "alpha2": "ht",
    "alpha3": "hti"
  },
  {
    "name": "Heard Island and McDonald Islands",
    "alpha2": "hm",
    "alpha3": "hmd"
  },
  {
    "name": "Holy See",
    "alpha2": "va",
    "alpha3": "vat"
  },
  {
    "name": "Honduras",
    "alpha2": "hn",
    "alpha3": "hnd"
  },
  {
    "name": "Hong Kong",
    "alpha2": "hk",
    "alpha3": "hkg"
  },
  {
    "name": "Hungary",
    "alpha2": "hu",
    "alpha3": "hun"
  },
  {
    "name": "Iceland",
    "alpha2": "is",
    "alpha3": "isl"
  },
  {
    "name": "India",
    "alpha2": "in",
    "alpha3": "ind"
  },
  {
    "name": "Indonesia",
    "alpha2": "id",
    "alpha3": "idn"
  },
  {
    "name": "Iran (Islamic Republic of)",
    "alpha2": "ir",
    "alpha3": "irn"
  },
  {
    "name": "Iraq",
    "alpha2": "iq",
    "alpha3": "irq"
  },
  {
    "name": "Ireland",
    "alpha2": "ie",
    "alpha3": "irl"
  },
  {
    "name": "Isle of Man",
    "alpha2": "im",
    "alpha3": "imn"
  },
  {
    "name": "Israel",
    "alpha2": "il",
    "alpha3": "isr"
  },
  {
    "name": "Italy",
    "alpha2": "it",
    "alpha3": "ita"
  },
  {
    "name": "Jamaica",
    "alpha2": "jm",
    "alpha3": "jam"
  },
  {
    "name": "Japan",
    "alpha2": "jp",
    "alpha3": "jpn"
  },
  {
    "name": "Jersey",
    "alpha2": "je",
    "alpha3": "jey"
  },
  {
    "name": "Jordan",
    "alpha2": "jo",
    "alpha3": "jor"
  },
  {
    "name": "Kazakhstan",
    "alpha2": "kz",
    "alpha3": "kaz"
  },
  {
    "name": "Kenya",
    "alpha2": "ke",
    "alpha3": "ken"
  },
  {
    "name": "Kiribati",
    "alpha2": "ki",
    "alpha3": "kir"
  },
  {
    "name": "Korea (the Democratic People's Republic of)",
    "alpha2": "kp",
    "alpha3": "prk"
  },
  {
    "name": "Korea (the Republic of)",
    "alpha2": "kr",
    "alpha3": "kor"
  },
  {
    "name": "Kuwait",
    "alpha2": "kw",
    "alpha3": "kwt"
  },
  {
    "name": "Kyrgyzstan",
    "alpha2": "kg",
    "alpha3": "kgz"
  },
  {
    "name": "Lao People's Democratic Republic",
    "alpha2": "la",
    "alpha3": "lao"
  },
  {
    "name": "Latvia",
    "alpha2": "lv",
    "alpha3": "lva"
  },
  {
    "name": "Lebanon",
    "alpha2": "lb",
    "alpha3": "lbn"
  },
  {
    "name": "Lesotho",
    "alpha2": "ls",
    "alpha3": "lso"
  },
  {
    "name": "Liberia",
    "alpha2": "lr",
    "alpha3": "lbr"
  },
  {
    "name": "Libya",
    "alpha2": "ly",
    "alpha3": "lby"
  },
  {
    "name": "Liechtenstein",
    "alpha2": "li",
    "alpha3": "lie"
  },
  {
    "name": "Lithuania",
    "alpha2": "lt",
    "alpha3": "ltu"
  },
  {
    "name": "Luxembourg",
    "alpha2": "lu",
    "alpha3": "lux"
  },
  {
    "name": "Macao",
    "alpha2": "mo",
    "alpha3": "mac"
  },
  {
    "name": "Madagascar",
    "alpha2": "mg",
    "alpha3": "mdg"
  },
  {
    "name": "Malawi",
    "alpha2": "mw",
    "alpha3": "mwi"
  },
  {
    "name": "Malaysia",
    "alpha2": "my",
    "alpha3": "mys"
  },
  {
    "name": "Maldives",
    "alpha2": "mv",
    "alpha3": "mdv"
  },
  {
    "name": "Mali",
    "alpha2": "ml",
    "alpha3": "mli"
  },
  {
    "name": "Malta",
    "alpha2": "mt",
    "alpha3": "mlt"
  },
  {
    "name": "Marshall Islands",
    "alpha2": "mh",
    "alpha3": "mhl"
  },
  {
    "name": "Martinique",
    "alpha2": "mq",
    "alpha3": "mtq"
  },
  {
    "name": "Mauritania",
    "alpha2": "mr",
    "alpha3": "mrt"
  },
  {
    "name": "Mauritius",
    "alpha2": "mu",
    "alpha3": "mus"
  },
  {
    "name": "Mayotte",
    "alpha2": "yt",
    "alpha3": "myt"
  },
  {
    "name": "Mexico",
    "alpha2": "mx",
    "alpha3": "mex"
  },
  {
    "name": "Micronesia (Federated States of)",
    "alpha2": "fm",
    "alpha3": "fsm"
  },
  {
    "name": "Moldova (the Republic of)",
    "alpha2": "md",
    "alpha3": "mda"
  },
  {
    "name": "Monaco",
    "alpha2": "mc",
    "alpha3": "mco"
  },
  {
    "name": "Mongolia",
    "alpha2": "mn",
    "alpha3": "mng"
  },
  {
    "name": "Montenegro",
    "alpha2": "me",
    "alpha3": "mne"
  },
  {
    "name": "Montserrat",
    "alpha2": "ms",
    "alpha3": "msr"
  },
  {
    "name": "Morocco",
    "alpha2": "ma",
    "alpha3": "mar"
  },
  {
    "name": "Mozambique",
    "alpha2": "mz",
    "alpha3": "moz"
  },
  {
    "name": "Myanmar",
    "alpha2": "mm",
    "alpha3": "mmr"
  },
  {
    "name": "Namibia",
    "alpha2": "na",
    "alpha3": "nam"
  },
  {
    "name": "Nauru",
    "alpha2": "nr",
    "alpha3": "nru"
  },
  {
    "name": "Nepal",
    "alpha2": "np",
    "alpha3": "npl"
  },
  {
    "name": "Netherlands (Kingdom of the)",
    "alpha2": "nl",
    "alpha3": "nld"
  },
  {
    "name": "New Caledonia",
    "alpha2": "nc",
    "alpha3": "ncl"
  },
  {
    "name": "New Zealand",
    "alpha2": "nz",
    "alpha3": "nzl"
  },
  {
    "name": "Nicaragua",
    "alpha2": "ni",
    "alpha3": "nic"
  },
  {
    "name": "Niger",
    "alpha2": "ne",
    "alpha3": "ner"
  },
  {
    "name": "Nigeria",
    "alpha2": "ng",
    "alpha3": "nga"
  },
  {
    "name": "Niue",
    "alpha2": "nu",
    "alpha3": "niu"
  },
  {
    "name": "Norfolk Island",
    "alpha2": "nf",
    "alpha3": "nfk"
  },
  {
    "name": "North Macedonia",
    "alpha2": "mk",
    "alpha3": "mkd"
  },
  {
    "name": "Northern Mariana Islands",
    "alpha2": "mp",
    "alpha3": "mnp"
  },
  {
    "name": "Norway",
    "alpha2": "no",
    "alpha3": "nor"
  },
  {
    "name": "Oman",
    "alpha2": "om",
    "alpha3": "omn"
  },
  {
    "name": "Pakistan",
    "alpha2": "pk",
    "alpha3": "pak"
  },
  {
    "name": "Palau",
    "alpha2": "pw",
    "alpha3": "plw"
  },
  {
    "name": "Palestine, State of",
    "alpha2": "ps",
    "alpha3": "pse"
  },
  {
    "name": "Panama",
    "alpha2": "pa",
    "alpha3": "pan"
  },
  {
    "name": "Papua New Guinea",
    "alpha2": "pg",
    "alpha3": "png"
  },
  {
    "name": "Paraguay",
    "alpha2": "py",
    "alpha3": "pry"
  },
  {
    "name": "Peru",
    "alpha2": "pe",
    "alpha3": "per"
  },
  {
    "name": "Philippines",
    "alpha2": "ph",
    "alpha3": "phl"
  },
  {
    "name": "Pitcairn",
    "alpha2": "pn",
    "alpha3": "pcn"
  },
  {
    "name": "Poland",
    "alpha2": "pl",
    "alpha3": "pol"
  },
  {
    "name": "Portugal",
    "alpha2": "pt",
    "alpha3": "prt"
  },
  {
    "name": "Puerto Rico",
    "alpha2": "pr",
    "alpha3": "pri"
  },
  {
    "name": "Qatar",
    "alpha2": "qa",
    "alpha3": "qat"
  },
  {
    "name": "Romania",
    "alpha2": "ro",
    "alpha3": "rou"
  },
  {
    "name": "Russian Federation",
    "alpha2": "ru",
    "alpha3": "rus"
  },
  {
    "name": "Rwanda",
    "alpha2": "rw",
    "alpha3": "rwa"
  },
  {
    "name": "Réunion",
    "alpha2": "re",
    "alpha3": "reu"
  },
  {
    "name": "Saint Barthélemy",
    "alpha2": "bl",
    "alpha3": "blm"
  },
  {
    "name": "Saint Helena, Ascension and Tristan da Cunha",
    "alpha2": "sh",
    "alpha3": "shn"
  },
  {
    "name": "Saint Kitts and Nevis",
    "alpha2": "kn",
    "alpha3": "kna"
  },
  {
    "name": "Saint Lucia",
    "alpha2": "lc",
    "alpha3": "lca"
  },
  {
    "name": "Saint Martin (French part)",
    "alpha2": "mf",
    "alpha3": "maf"
  },
  {
    "name": "Saint Pierre and Miquelon",
    "alpha2": "pm",
    "alpha3": "spm"
  },
  {
    "name": "Saint Vincent and the Grenadines",
    "alpha2": "vc",
    "alpha3": "vct"
  },
  {
    "name": "Samoa",
    "alpha2": "ws",
    "alpha3": "wsm"
  },
  {
    "name": "San Marino",
    "alpha2": "sm",
    "alpha3": "smr"
  },
  {
    "name": "Sao Tome and Principe",
    "alpha2": "st",
    "alpha3": "stp"
  },
  {
    "name": "Saudi Arabia",
    "alpha2": "sa",
    "alpha3": "sau"
  },
  {
    "name": "Senegal",
    "alpha2": "sn",
    "alpha3": "sen"
  },
  {
    "name": "Serbia",
    "alpha2": "rs",
    "alpha3": "srb"
  },
  {
    "name": "Seychelles",
    "alpha2": "sc",
    "alpha3": "syc"
  },
  {
    "name": "Sierra Leone",
    "alpha2": "sl",
    "alpha3": "sle"
  },
  {
    "name": "Singapore",
    "alpha2": "sg",
    "alpha3": "sgp"
  },
  {
    "name": "Sint Maarten (Dutch part)",
    "alpha2": "sx",
    "alpha3": "sxm"
  },
  {
    "name": "Slovakia",
    "alpha2": "sk",
    "alpha3": "svk"
  },
  {
    "name": "Slovenia",
    "alpha2": "si",
    "alpha3": "svn"
  },
  {
    "name": "Solomon Islands",
    "alpha2": "sb",
    "alpha3": "slb"
  },
  {
    "name": "Somalia",
    "alpha2": "so",
    "alpha3": "som"
  },
  {
    "name": "South Africa",
    "alpha2": "za",
    "alpha3": "zaf"
  },
  {
    "name": "South Georgia and the South Sandwich Islands",
    "alpha2": "gs",
    "alpha3": "sgs"
  },
  {
    "name": "South Sudan",
    "alpha2": "ss",
    "alpha3": "ssd"
  },
  {
    "name": "Spain",
    "alpha2": "es",
    "alpha3": "esp"
  },
  {
    "name": "Sri Lanka",
    "alpha2": "lk",
    "alpha3": "lka"
  },
  {
    "name": "Sudan",
    "alpha2": "sd",
    "alpha3": "sdn"
  },
  {
    "name": "Suriname",
    "alpha2": "sr",
    "alpha3": "sur"
  },
  {
    "name": "Svalbard and Jan Mayen",
    "alpha2": "sj",
    "alpha3": "sjm"
  },
  {
    "name": "Sweden",
    "alpha2": "se",
    "alpha3": "swe"
  },
  {
    "name": "Switzerland",
    "alpha2": "ch",
    "alpha3": "che"
  },
  {
    "name": "Syrian Arab Republic",
    "alpha2": "sy",
    "alpha3": "syr"
  },
  {
    "name": "Taiwan",
    "alpha2": "tw",
    "alpha3": "twn"
  },
  {
    "name": "Tajikistan",
    "alpha2": "tj",
    "alpha3": "tjk"
  },
  {
    "name": "Tanzania, the United Republic of",
    "alpha2": "tz",
    "alpha3": "tza"
  },
  {
    "name": "Thailand",
    "alpha2": "th",
    "alpha3": "tha"
  },
  {
    "name": "Timor-Leste",
    "alpha2": "tl",
    "alpha3": "tls"
  },
  {
    "name": "Togo",
    "alpha2": "tg",
    "alpha3": "tgo"
  },
  {
    "name": "Tokelau",
    "alpha2": "tk",
    "alpha3": "tkl"
  },
  {
    "name": "Tonga",
    "alpha2": "to",
    "alpha3": "ton"
  },
  {
    "name": "Trinidad and Tobago",
    "alpha2": "tt",
    "alpha3": "tto"
  },
  {
    "name": "Tunisia",
    "alpha2": "tn",
    "alpha3": "tun"
  },
  {
    "name": "Turkmenistan",
    "alpha2": "tm",
    "alpha3": "tkm"
  },
  {
    "name": "Turks and Caicos Islands",
    "alpha2": "tc",
    "alpha3": "tca"
  },
  {
    "name": "Tuvalu",
    "alpha2": "tv",
    "alpha3": "tuv"
  },
  {
    "name": "Türkiye",
    "alpha2": "tr",
    "alpha3": "tur"
  },
  {
    "name": "Uganda",
    "alpha2": "ug",
    "alpha3": "uga"
  },
  {
    "name": "Ukraine",
    "alpha2": "ua",
    "alpha3": "ukr"
  },
  {
    "name": "United Arab Emirates",
    "alpha2": "ae",
    "alpha3": "are"
  },
  {
    "name": "United Kingdom of Great Britain and Northern Ireland",
    "alpha2": "gb",
    "alpha3": "gbr"
  },
  {
    "name": "United States Minor Outlying Islands",
    "alpha2": "um",
    "alpha3": "umi"
  },
  {
    "name": "United States of America",
    "alpha2": "us",
    "alpha3": "usa"
  },
  {
    "name": "Uruguay",
    "alpha2": "uy",
    "alpha3": "ury"
  },
  {
    "name": "Uzbekistan",
    "alpha2": "uz",
    "alpha3": "uzb"
  },
  {
    "name": "Vanuatu",
    "alpha2": "vu",
    "alpha3": "vut"
  },
  {
    "name": "Venezuela (Bolivarian Republic of)",
    "alpha2": "ve",
    "alpha3": "ven"
  },
  {
    "name": "Viet Nam",
    "alpha2": "vn",
    "alpha3": "vnm"
  },
  {
    "name": "Virgin Islands (British)",
    "alpha2": "vg",
    "alpha3": "vgb"
  },
  {
    "name": "Virgin Islands (U.S.)",
    "alpha2": "vi",
    "alpha3": "vir"
  },
  {
    "name": "Wallis and Futuna",
    "alpha2": "wf",
    "alpha3": "wlf"
  },
  {
    "name": "Western Sahara*",
    "alpha2": "eh",
    "alpha3": "esh"
  },
  {
    "name": "Yemen",
    "alpha2": "ye",
    "alpha3": "yem"
  },
  {
    "name": "Zambia",
    "alpha2": "zm",
    "alpha3": "zmb"
  },
  {
    "name": "Zimbabwe",
    "alpha2": "zw",
    "alpha3": "zwe"
  },
  {
    "name": "Åland Islands",
    "alpha2": "ax",
    "alpha3": "ala"
  }
]
